images/hggg_08.jpg,166,108,199,152,Horse
images/ccss_08.jpg,142,73,178,104,Sheep
images/hhhc_02.jpg,102,145,148,183,Camel
images/hhhc_02.jpg,101,69,138,107,Camel
images/hhhs_06.jpg,98,69,135,100,Horse
images/hhhs_09.jpg,99,77,142,103,Horse
images/hhhs_09.jpg,97,128,125,167,Horse
images/hsgg_08.jpg,134,42,170,75,Horse
images/hsgg_08.jpg,142,120,190,164,Goat
images/gggg_04.jpg,82,119,125,150,Goat
images/cccg_08.jpg,134,104,172,132,Camel
images/hhsg_09.jpg,155,42,195,76,Goat
images/hhsg_09.jpg,139,123,170,159,Horse
images/ssgg_04.jpg,174,102,216,132,Goat
images/hhsg_07.jpg,91,55,137,92,Sheep
images/hcgg_01.jpg,103,77,139,126,Goat
images/hcgg_01.jpg,134,42,168,75,Horse
images/hcsg_02.jpg,164,72,201,105,Horse
images/hcsg_02.jpg,128,37,158,70,Goat
images/ssss_01.jpg,61,77,99,119,Sheep
images/ssss_01.jpg,158,42,197,76,Sheep
images/hssg_08.jpg,154,93,196,143,Goat
images/hhcs_06.jpg,84,94,128,133,Horse
images/cccg_06.jpg,103,105,140,147,Camel
images/cccg_06.jpg,128,52,157,83,Camel
images/ssgg_07.jpg,122,100,161,141,Sheep
images/csgg_07.jpg,88,70,132,111,Goat
images/csgg_07.jpg,179,66,209,97,Sheep
images/cggg_08.jpg,150,50,185,93,Goat
images/cggg_08.jpg,178,114,210,164,Camel
images/hccg_01.jpg,136,98,167,139,Goat
images/hccg_01.jpg,119,59,153,93,Horse
images/cggg_03.jpg,145,129,178,167,Goat
images/hhcc_02.jpg,71,92,114,138,Horse
images/hhcc_02.jpg,119,88,159,131,Camel
images/hhcc_02.jpg,164,57,196,96,Camel
images/cccg_09.jpg,176,131,218,178,Camel
images/sssg_04.jpg,187,80,233,115,Sheep
images/hccs_04.jpg,172,70,206,115,Camel
images/hcss_09.jpg,148,57,188,92,Camel
images/hhcs_08.jpg,152,80,193,124,Sheep
images/hhcs_05.jpg,119,42,153,96,Horse
images/cccc_09.jpg,102,110,137,151,Camel
images/hhhg_01.jpg,78,85,114,136,Horse
images/gggg_03.jpg,130,97,165,136,Goat
images/hhhg_08.jpg,149,73,189,113,Horse
images/hhhg_08.jpg,109,96,153,129,Goat
images/hsgg_06.jpg,87,76,131,115,Goat
images/hhgg_06.jpg,104,136,152,172,Horse
images/hhgg_01.jpg,73,48,123,91,Goat
images/hhgg_01.jpg,166,72,200,114,Goat
images/cccc_03.jpg,207,76,235,114,Camel
images/hcss_07.jpg,78,96,119,128,Horse
images/ccsg_01.jpg,166,127,203,166,Sheep
images/ccsg_01.jpg,154,90,192,115,Camel
images/ssgg_05.jpg,75,105,102,137,Goat
images/cssg_06.jpg,185,72,227,109,Sheep
images/cggg_04.jpg,189,102,230,139,Goat
images/hsss_06.jpg,117,108,153,145,Sheep
images/hhss_06.jpg,78,80,131,128,Sheep
images/hhss_06.jpg,112,61,157,104,Sheep
images/hhss_06.jpg,69,46,102,89,Horse
images/ssgg_03.jpg,140,77,176,108,Sheep
images/ccss_09.jpg,76,128,111,174,Camel
images/hhcg_08.jpg,140,123,179,151,Horse
images/hhhg_02.jpg,90,89,120,134,Horse
images/hhhg_02.jpg,174,70,211,107,Horse
images/hhcc_05.jpg,54,69,111,112,Camel
images/hhss_03.jpg,56,71,105,120,Horse
images/hhss_03.jpg,116,75,164,114,Sheep
images/hhcg_07.jpg,139,62,179,97,Goat
images/cccc_08.jpg,86,115,115,161,Camel
images/cccc_08.jpg,120,127,162,159,Camel
images/csgg_02.jpg,128,61,160,94,Goat
images/csgg_02.jpg,155,86,186,117,Camel
images/hcgg_08.jpg,49,-36,104,10,Horse
images/hhgg_05.jpg,193,78,240,130,Goat
images/hhgg_05.jpg,49,108,106,159,Horse
images/hccs_08.jpg,162,107,218,153,Camel
images/hccs_08.jpg,101,118,148,172,Camel
images/hhhg_07.jpg,64,62,101,110,Horse
images/hhhc_09.jpg,136,109,170,150,Camel
images/csss_05.jpg,79,92,117,133,Sheep
images/csss_05.jpg,168,81,208,117,Sheep
images/hssg_09.jpg,111,64,152,106,Sheep
images/hssg_09.jpg,80,143,124,176,Horse
images/csgg_08.jpg,138,51,177,87,Sheep
images/hhcc_01.jpg,64,64,99,110,Horse
images/hhcc_01.jpg,137,116,189,155,Horse
images/hhcc_01.jpg,98,88,143,123,Camel
images/sssg_01.jpg,179,73,224,111,Sheep
images/sssg_01.jpg,81,65,126,104,Goat
images/sggg_05.jpg,168,121,210,150,Goat
images/sggg_05.jpg,136,70,174,109,Goat
images/hccg_03.jpg,167,116,210,152,Camel
images/hhcc_07.jpg,145,76,176,115,Camel
images/hhhh_06.jpg,86,46,129,89,Horse
images/hhhh_06.jpg,124,79,169,124,Horse
images/hhhh_06.jpg,163,114,214,170,Horse
images/ccsg_03.jpg,131,77,155,118,Camel
images/ssss_04.jpg,151,73,182,108,Sheep
images/gggg_06.jpg,169,112,198,144,Goat
images/hssg_03.jpg,92,101,127,152,Sheep
images/hssg_03.jpg,207,79,253,134,Horse
images/hssg_07.jpg,181,86,214,127,Sheep
images/hhcs_09.jpg,86,101,125,139,Camel
images/hhcs_09.jpg,137,58,179,92,Horse
images/hhcs_09.jpg,116,138,160,181,Horse
images/hhhs_04.jpg,66,104,128,155,Horse
images/hggg_02.jpg,54,112,109,160,Goat
images/hggg_02.jpg,130,94,165,134,Goat
images/gggg_08.jpg,72,103,103,137,Goat
images/gggg_08.jpg,116,90,160,126,Goat
images/hhhh_01.jpg,126,104,164,136,Horse
images/hhhh_01.jpg,159,145,199,180,Horse
images/gggg_02.jpg,141,150,182,184,Goat
images/ccss_02.jpg,127,48,170,83,Sheep
images/ccss_02.jpg,153,130,200,164,Camel
images/cccs_06.jpg,100,98,134,127,Camel
images/cccs_06.jpg,178,100,202,133,Camel
images/ccgg_06.jpg,59,86,101,122,Camel
images/sssg_03.jpg,123,79,151,112,Sheep
images/cssg_05.jpg,68,74,118,120,Sheep
images/hhhs_03.jpg,112,114,164,170,Horse
images/cccg_01.jpg,121,46,155,86,Goat
images/hhcs_03.jpg,101,106,145,150,Horse
images/hhcs_03.jpg,169,99,204,144,Camel
images/hccs_05.jpg,92,97,141,134,Camel
images/hccs_05.jpg,101,135,146,172,Horse
images/hhcg_09.jpg,85,52,124,90,Goat
images/hhcg_09.jpg,163,94,202,123,Horse
images/hhcg_09.jpg,134,139,172,168,Horse
images/hcsg_01.jpg,126,59,159,94,Camel
images/hcsg_01.jpg,185,101,222,133,Horse
images/hcsg_01.jpg,178,55,212,84,Goat
images/ssss_07.jpg,148,55,188,86,Sheep
images/csss_02.jpg,169,61,207,93,Sheep
images/csss_02.jpg,178,106,216,145,Sheep
images/hssg_01.jpg,133,30,181,71,Sheep
images/hggg_04.jpg,123,47,162,84,Goat
images/hsss_02.jpg,83,47,128,95,Sheep
images/hsss_02.jpg,134,53,175,97,Sheep
images/hsss_02.jpg,163,106,222,158,Sheep
images/hssg_06.jpg,104,68,131,105,Horse
images/hggg_06.jpg,78,95,121,137,Goat
images/hggg_06.jpg,99,121,142,161,Horse
images/hhhh_07.jpg,107,124,139,176,Horse
images/hhcs_01.jpg,110,60,148,92,Horse
images/sssg_02.jpg,158,58,197,89,Sheep
images/hccc_04.jpg,119,128,156,174,Camel
images/cccs_01.jpg,84,57,128,93,Camel
images/cccs_01.jpg,142,129,192,183,Camel
images/csss_04.jpg,91,49,130,95,Sheep
images/hhhs_02.jpg,98,109,127,157,Horse
images/hhhs_02.jpg,146,82,185,119,Sheep
images/hsss_01.jpg,137,54,174,82,Sheep
images/ccgg_02.jpg,104,121,142,149,Goat
images/sggg_01.jpg,143,90,186,121,Horse
images/sggg_01.jpg,189,81,229,114,Goat
images/sggg_01.jpg,91,64,133,93,Goat
images/csgg_03.jpg,113,94,148,130,Sheep
images/hccg_09.jpg,76,98,114,150,Camel
images/hccg_09.jpg,142,39,196,76,Horse
images/ssgg_08.jpg,103,96,148,129,Goat
images/sggg_06.jpg,125,96,153,127,Sheep
images/hccc_05.jpg,145,128,188,158,Camel
images/ccgg_04.jpg,184,116,220,158,Goat
images/hhgg_09.jpg,100,72,133,106,Horse
images/sggg_07.jpg,110,72,140,105,Goat
images/sggg_07.jpg,133,86,162,120,Sheep
images/hcss_03.jpg,162,81,205,120,Horse
images/hhcg_02.jpg,141,53,171,99,Horse
images/hhcg_02.jpg,144,101,179,143,Camel
images/ssss_09.jpg,78,44,116,87,Sheep
images/hhcs_07.jpg,95,110,138,143,Horse
images/cccs_08.jpg,130,131,162,180,Camel
images/hhgg_04.jpg,176,120,242,179,Goat
images/cssg_02.jpg,65,89,114,136,Sheep
images/cssg_02.jpg,121,71,153,120,Camel
images/ccss_04.jpg,97,143,145,180,Sheep
images/hhss_08.jpg,94,71,138,111,Sheep
images/hhss_08.jpg,136,93,187,131,Sheep
images/hhss_01.jpg,155,42,193,85,Horse
images/cccs_07.jpg,105,69,136,109,Camel
images/cccs_07.jpg,124,130,168,170,Sheep
images/csss_03.jpg,147,55,181,83,Sheep
images/csss_03.jpg,102,119,132,165,Camel
images/hccg_04.jpg,97,143,145,176,Horse
images/hggg_05.jpg,131,81,170,117,Goat
images/hggg_05.jpg,72,97,118,138,Horse
images/hhcg_03.jpg,88,64,126,104,Horse
images/hhcg_03.jpg,144,59,179,93,Horse
images/hhcg_03.jpg,132,97,172,133,Camel
images/hhhc_07.jpg,138,126,185,165,Horse
images/hhhc_07.jpg,103,108,132,158,Camel
images/gggg_09.jpg,50,85,93,135,Goat
images/csss_08.jpg,125,117,162,148,Sheep
images/csss_08.jpg,180,101,207,139,Sheep
images/sggg_08.jpg,122,-2,168,48,Sheep
images/hcsg_05.jpg,123,81,155,115,Horse
images/hcsg_05.jpg,161,142,196,180,Camel
images/hcss_08.jpg,124,70,170,105,Sheep
images/hcss_08.jpg,126,122,169,159,Horse
images/sssg_07.jpg,131,90,165,124,Sheep
images/hhgg_03.jpg,108,42,141,81,Horse
images/ccsg_09.jpg,125,137,159,176,Sheep
images/hggg_01.jpg,181,109,234,159,Goat
images/cggg_02.jpg,95,84,126,111,Goat
images/cggg_02.jpg,110,118,141,153,Goat
images/hssg_02.jpg,83,67,129,108,Sheep
images/hssg_02.jpg,103,103,146,147,Sheep
images/hsss_09.jpg,153,100,199,131,Sheep
images/cssg_04.jpg,93,66,125,104,Sheep
images/cssg_04.jpg,145,149,189,188,Sheep
images/cssg_04.jpg,183,76,217,102,Goat
images/hggg_09.jpg,110,100,148,131,Goat
images/hggg_09.jpg,132,138,178,183,Goat
images/cssg_01.jpg,135,76,169,112,Camel
images/hcgg_03.jpg,124,113,170,153,Goat
images/hcgg_03.jpg,182,80,223,112,Camel
images/ssgg_06.jpg,144,73,173,108,Goat
images/ssgg_06.jpg,119,99,157,134,Sheep
images/hhhc_01.jpg,138,78,180,112,Horse
images/ccss_07.jpg,62,80,112,118,Camel
images/ccss_07.jpg,157,73,201,116,Sheep
images/hssg_04.jpg,137,111,172,149,Sheep
images/hhgg_08.jpg,75,53,115,85,Goat
images/cccs_04.jpg,77,79,123,117,Sheep
images/csgg_06.jpg,138,108,183,147,Goat
images/csgg_06.jpg,99,62,142,93,Goat
images/csgg_06.jpg,163,94,200,125,Camel
images/csgg_06.jpg,106,88,148,120,Camel
images/cccc_07.jpg,175,60,205,90,Camel
images/cccc_07.jpg,121,113,159,153,Camel
images/cssg_09.jpg,189,125,240,180,Sheep
images/cssg_09.jpg,134,91,181,130,Camel
images/hggg_07.jpg,128,78,166,118,Goat
images/hggg_07.jpg,117,122,147,163,Goat
images/hggg_07.jpg,153,127,194,165,Horse
images/hccg_06.jpg,130,89,167,130,Goat
images/cccg_02.jpg,70,67,126,117,Goat
images/cccg_02.jpg,132,69,169,121,Camel
images/hhhc_03.jpg,160,138,199,183,Horse
images/hhgg_07.jpg,131,65,163,91,Goat
images/sssg_09.jpg,79,119,124,155,Sheep
images/hsgg_01.jpg,161,122,196,162,Goat
images/hhhc_05.jpg,76,98,116,147,Horse
images/hhhc_05.jpg,123,107,173,145,Horse
images/hhhc_05.jpg,170,51,217,89,Horse
images/ccsg_06.jpg,119,71,158,106,Camel
images/csss_09.jpg,135,133,171,170,Sheep
images/hhhs_08.jpg,167,84,210,118,Horse
images/sssg_06.jpg,131,82,175,116,Sheep
images/hhhg_04.jpg,110,114,153,150,Horse
images/hccs_06.jpg,150,112,188,158,Horse
images/hccs_06.jpg,115,92,150,134,Camel
images/hccs_06.jpg,147,38,187,73,Sheep
images/ccss_03.jpg,127,87,162,135,Camel
images/ccss_03.jpg,170,93,212,138,Camel
images/ccss_03.jpg,85,63,133,99,Sheep
images/hhsg_02.jpg,79,74,110,108,Goat
images/hhsg_02.jpg,140,69,172,94,Horse
images/hhsg_02.jpg,155,91,189,124,Horse
images/ccss_01.jpg,112,127,146,178,Camel
images/hccg_02.jpg,128,126,167,165,Camel
images/hccg_02.jpg,125,93,164,126,Goat
images/hhsg_06.jpg,113,70,156,109,Sheep
images/hhsg_06.jpg,89,97,136,131,Horse
images/hhsg_06.jpg,104,128,154,165,Horse
images/csss_01.jpg,111,91,147,128,Sheep
images/hhss_02.jpg,107,116,157,160,Sheep
images/hhss_02.jpg,138,80,186,125,Sheep
images/cccc_06.jpg,99,115,127,155,Camel
images/cccc_06.jpg,166,117,207,145,Camel
images/hssg_05.jpg,91,76,131,114,Goat
images/hssg_05.jpg,131,118,174,156,Sheep
images/hccc_01.jpg,123,57,162,90,Camel
images/hccc_01.jpg,121,107,160,132,Horse
images/hhcc_06.jpg,132,101,167,131,Camel
images/hhcg_06.jpg,167,88,202,118,Goat
images/hsgg_09.jpg,95,100,137,145,Goat
images/hsgg_09.jpg,173,69,216,104,Sheep
images/hhcg_04.jpg,180,139,228,180,Goat
images/hhss_09.jpg,186,56,229,87,Horse
images/hhcg_01.jpg,161,63,204,107,Horse
images/hcgg_06.jpg,181,114,235,154,Horse
images/hhcs_02.jpg,100,77,129,120,Horse
images/hhcs_02.jpg,145,118,178,156,Camel
images/hccs_07.jpg,83,33,131,76,Sheep
images/hccs_07.jpg,176,82,219,132,Horse
images/hsgg_03.jpg,89,92,137,135,Camel
images/cggg_06.jpg,155,69,181,100,Goat
images/cggg_06.jpg,173,100,210,136,Goat
images/csgg_04.jpg,108,110,151,146,Goat
images/csgg_01.jpg,169,84,196,118,Goat
images/csgg_01.jpg,129,140,175,182,Goat
images/ccsg_04.jpg,134,81,179,138,Camel
images/hhhg_03.jpg,109,120,153,151,Horse
images/hcsg_08.jpg,72,107,119,152,Sheep
images/hcsg_08.jpg,151,126,191,177,Horse
images/hcsg_08.jpg,143,49,179,97,Camel
images/ccgg_03.jpg,68,75,91,113,Camel
images/ccgg_07.jpg,157,104,196,147,Goat
images/ccgg_07.jpg,76,122,123,157,Camel
images/ccgg_07.jpg,190,76,223,126,Camel
images/hhcg_05.jpg,109,125,154,166,Horse
images/gggg_01.jpg,144,62,190,97,Goat
images/gggg_01.jpg,110,97,154,130,Goat
images/gggg_01.jpg,75,129,125,169,Goat
images/cssg_08.jpg,131,87,165,114,Camel
images/hsgg_04.jpg,178,71,219,113,Goat
images/hcss_02.jpg,143,74,192,111,Sheep
images/cccc_02.jpg,108,138,152,178,Camel
images/cccc_02.jpg,97,88,127,127,Camel
images/ssss_05.jpg,79,57,130,103,Sheep
images/ssss_05.jpg,197,59,244,101,Sheep
images/hcsg_09.jpg,156,129,193,170,Horse
images/cssg_03.jpg,176,101,212,147,Goat
images/cssg_03.jpg,120,85,156,128,Camel
images/hsss_04.jpg,146,92,194,128,Horse
images/csss_07.jpg,152,117,197,156,Sheep
images/hhcc_08.jpg,129,114,167,156,Horse
images/hhhh_04.jpg,106,107,140,144,Horse
images/hhhh_04.jpg,99,70,130,97,Horse
images/cggg_01.jpg,171,97,197,134,Camel
images/hccs_09.jpg,163,65,224,111,Horse
images/hccc_06.jpg,144,113,173,154,Camel
images/hccc_06.jpg,149,62,180,102,Horse
images/cggg_05.jpg,149,122,190,166,Goat
images/cggg_05.jpg,168,84,208,117,Goat
images/hhhg_09.jpg,63,120,103,167,Horse
images/hhhg_09.jpg,156,106,195,156,Horse
images/cccg_05.jpg,161,122,211,172,Goat
images/sggg_04.jpg,104,53,141,89,Goat
images/sggg_04.jpg,131,74,169,119,Sheep
images/sssg_05.jpg,157,54,196,89,Sheep
images/hhhc_08.jpg,138,122,170,164,Camel
images/csgg_09.jpg,165,68,215,121,Goat
images/csgg_09.jpg,133,113,172,158,Camel
images/csgg_09.jpg,137,36,191,86,Sheep
images/hcsg_03.jpg,156,57,186,104,Horse
images/hcsg_03.jpg,93,114,136,160,Camel
images/hhhg_05.jpg,100,77,139,123,Horse
images/ssss_02.jpg,154,107,200,140,Sheep
images/hcss_04.jpg,153,71,192,106,Horse
images/hcss_04.jpg,98,131,145,181,Camel
images/hcss_01.jpg,133,66,176,97,Camel
images/cssg_07.jpg,134,133,175,178,Sheep
images/ccgg_08.jpg,122,140,164,182,Camel
images/hsss_05.jpg,121,139,176,181,Sheep
images/hsss_05.jpg,138,75,169,122,Horse
images/hsgg_07.jpg,96,116,145,152,Goat
images/hcsg_04.jpg,85,109,128,142,Goat
images/hcsg_04.jpg,136,72,167,108,Horse
images/ssss_03.jpg,69,57,110,97,Sheep
images/ssss_03.jpg,109,133,164,179,Sheep
images/ssss_03.jpg,151,55,191,89,Sheep
images/cccs_05.jpg,169,124,209,159,Camel
images/hcss_06.jpg,141,77,179,116,Sheep
images/hcgg_05.jpg,142,53,165,86,Camel
images/cccs_03.jpg,169,65,206,115,Camel
images/cccs_03.jpg,161,119,198,174,Camel
images/cccs_03.jpg,95,46,149,100,Sheep
images/hhhs_01.jpg,111,134,162,187,Horse
images/hhhs_01.jpg,157,97,194,148,Sheep
images/hhhg_06.jpg,84,127,126,172,Horse
images/hhhg_06.jpg,117,68,150,117,Horse
images/hhhg_06.jpg,188,99,223,148,Horse
images/csss_06.jpg,158,69,195,102,Sheep
images/hhhs_07.jpg,135,69,172,106,Horse
images/a_img_013.jpg,117,79,161,131,Goat
images/a_img_013.jpg,166,111,219,160,Sheep
images/a_img_013.jpg,100,152,149,205,Camel
images/a_img_013.jpg,152,152,196,208,Horse
images/a_img_123.jpg,88,165,128,202,Goat
images/a_img_123.jpg,177,119,221,161,Camel
images/a_img_177.jpg,114,107,152,145,Horse
images/a_img_177.jpg,75,108,103,148,Goat
images/a_img_117.jpg,83,68,133,103,Camel
images/a_img_036.jpg,173,91,233,139,Sheep
images/a_img_341.jpg,96,82,148,125,Sheep
images/a_img_341.jpg,162,79,222,125,Goat
images/a_img_265.jpg,106,140,145,183,Goat
images/a_img_265.jpg,152,93,189,128,Goat
images/a_img_228.jpg,170,106,206,146,Sheep
images/a_img_071.jpg,162,113,192,158,Camel
images/a_img_326.jpg,86,71,128,102,Horse
images/a_img_067.jpg,147,51,178,86,Horse
images/a_img_072.jpg,124,67,150,103,Horse
images/a_img_202.jpg,83,10,122,56,Horse
images/a_img_263.jpg,157,74,195,117,Goat
images/a_img_263.jpg,125,131,169,176,Goat
images/a_img_343.jpg,76,122,131,167,Sheep
images/a_img_270.jpg,189,84,238,117,Sheep
images/a_img_016.jpg,145,110,175,148,Sheep
images/a_img_347.jpg,81,111,120,154,Sheep
images/a_img_015.jpg,146,73,189,121,Sheep
images/a_img_288.jpg,177,99,227,141,Camel
images/a_img_371.jpg,196,106,261,162,Sheep
images/a_img_219.jpg,98,104,145,147,Goat
images/a_img_219.jpg,171,75,202,120,Horse
images/a_img_367.jpg,192,80,245,137,Sheep
images/a_img_287.jpg,170,100,228,144,Camel
images/a_img_287.jpg,145,50,192,86,Camel
images/a_img_293.jpg,130,74,170,118,Camel
images/a_img_293.jpg,185,67,237,103,Camel
images/a_img_314.jpg,172,155,205,197,Horse
images/a_img_059.jpg,146,59,177,94,Horse
images/a_img_203.jpg,57,154,98,180,Goat
images/a_img_269.jpg,128,108,174,161,Sheep
images/a_img_114.jpg,53,144,109,178,Horse
images/a_img_114.jpg,55,98,105,137,Camel
images/a_img_137.jpg,146,69,191,109,Horse
images/a_img_137.jpg,117,24,151,70,Camel
images/a_img_019.jpg,174,38,218,80,Goat
images/a_img_266.jpg,135,114,180,167,Sheep
images/a_img_382.jpg,135,64,185,108,Camel
images/a_img_230.jpg,152,158,198,188,Camel
images/a_img_098.jpg,146,84,176,112,Sheep
images/a_img_098.jpg,91,73,125,104,Goat
images/a_img_061.jpg,79,88,116,121,Camel
images/a_img_061.jpg,84,131,119,164,Sheep
images/a_img_348.jpg,173,124,226,167,Goat
images/a_img_174.jpg,95,84,127,122,Goat
images/a_img_186.jpg,104,159,152,200,Horse
images/a_img_186.jpg,82,103,125,139,Camel
images/a_img_186.jpg,139,105,175,149,Goat
images/a_img_328.jpg,65,131,113,164,Horse
images/a_img_328.jpg,59,66,117,101,Horse
images/a_img_328.jpg,149,63,193,103,Horse
images/a_img_093.jpg,134,134,166,169,Horse
images/a_img_138.jpg,130,5,166,53,Camel
images/a_img_034.jpg,79,112,124,161,Camel
images/a_img_034.jpg,73,52,109,92,Sheep
images/a_img_107.jpg,178,88,241,135,Camel
images/a_img_366.jpg,194,85,254,151,Sheep
images/a_img_366.jpg,100,138,166,188,Camel
images/a_img_188.jpg,96,152,135,195,Horse
images/a_img_188.jpg,133,108,170,146,Goat
images/a_img_329.jpg,165,34,207,70,Horse
images/a_img_329.jpg,155,82,200,127,Horse
images/a_img_357.jpg,126,69,168,110,Sheep
images/a_img_357.jpg,104,124,140,167,Goat
images/a_img_214.jpg,167,134,197,171,Goat
images/a_img_069.jpg,136,54,172,99,Horse
images/a_img_194.jpg,84,77,128,112,Camel
images/a_img_120.jpg,161,34,199,66,Goat
images/a_img_073.jpg,70,97,106,134,Goat
images/a_img_073.jpg,122,72,157,117,Horse
images/a_img_031.jpg,120,34,167,84,Goat
images/a_img_050.jpg,156,101,198,135,Sheep
images/a_img_130.jpg,87,82,124,109,Sheep
images/a_img_130.jpg,144,76,180,114,Camel
images/a_img_168.jpg,99,86,143,132,Sheep
images/a_img_168.jpg,158,104,191,147,Horse
images/a_img_116.jpg,121,71,164,106,Goat
images/a_img_278.jpg,175,46,205,69,Sheep
images/a_img_088.jpg,169,131,219,165,Horse
images/a_img_088.jpg,202,33,242,62,Camel
images/a_img_106.jpg,75,20,129,70,Sheep
images/a_img_106.jpg,160,83,217,126,Camel
images/a_img_323.jpg,92,69,132,99,Horse
images/a_img_258.jpg,86,113,129,150,Goat
images/a_img_236.jpg,166,141,200,188,Horse
images/a_img_236.jpg,192,111,242,142,Camel
images/a_img_173.jpg,98,87,128,125,Goat
images/a_img_134.jpg,62,39,110,75,Sheep
images/a_img_014.jpg,95,130,141,187,Camel
images/a_img_112.jpg,125,134,185,177,Sheep
images/a_img_112.jpg,93,84,148,123,Goat
images/a_img_369.jpg,88,61,139,111,Camel
images/a_img_369.jpg,196,66,246,125,Sheep
images/a_img_124.jpg,178,120,218,165,Camel
images/a_img_259.jpg,81,61,117,98,Goat
images/a_img_259.jpg,132,53,172,86,Goat
images/a_img_327.jpg,127,126,174,175,Horse
images/a_img_024.jpg,102,71,125,110,Horse
images/a_img_024.jpg,179,104,205,141,Sheep
images/a_img_024.jpg,156,46,183,84,Goat
images/a_img_350.jpg,77,93,118,133,Sheep
images/a_img_221.jpg,107,98,144,138,Goat
images/a_img_128.jpg,103,98,140,124,Sheep
images/a_img_128.jpg,65,142,103,169,Goat
images/a_img_075.jpg,164,147,194,191,Camel
images/a_img_075.jpg,108,165,141,199,Sheep
images/a_img_010.jpg,209,107,242,159,Sheep
images/a_img_045.jpg,160,60,198,100,Sheep
images/a_img_111.jpg,61,147,117,180,Horse
images/a_img_111.jpg,60,96,110,131,Camel
images/a_img_111.jpg,105,86,153,122,Goat
images/a_img_292.jpg,126,78,165,119,Camel
images/a_img_292.jpg,175,66,223,104,Camel
images/a_img_345.jpg,82,119,124,162,Sheep
images/a_img_349.jpg,118,84,164,113,Sheep
images/a_img_349.jpg,84,99,120,138,Sheep
images/a_img_006.jpg,91,104,119,147,Camel
images/a_img_006.jpg,136,76,174,114,Sheep
images/a_img_231.jpg,72,133,109,162,Sheep
images/a_img_095.jpg,132,118,162,149,Horse
images/a_img_095.jpg,211,59,245,89,Camel
images/a_img_076.jpg,138,101,164,134,Horse
images/a_img_076.jpg,86,113,117,147,Goat
images/a_img_365.jpg,182,43,231,103,Sheep
images/a_img_101.jpg,144,75,187,123,Camel
images/a_img_276.jpg,200,52,230,77,Sheep
images/a_img_276.jpg,149,72,181,102,Sheep
images/a_img_104.jpg,98,71,154,123,Goat
images/a_img_351.jpg,152,126,200,172,Goat
images/a_img_351.jpg,111,141,141,181,Goat
images/a_img_235.jpg,88,131,127,162,Sheep
images/a_img_133.jpg,141,73,186,108,Horse
images/a_img_133.jpg,83,38,125,72,Sheep
images/a_img_294.jpg,200,111,252,146,Camel
images/a_img_294.jpg,184,50,239,94,Camel
images/a_img_378.jpg,184,34,219,91,Horse
images/a_img_378.jpg,190,118,230,169,Horse
images/a_img_378.jpg,117,132,165,166,Camel
images/a_img_085.jpg,169,122,217,159,Horse
images/a_img_122.jpg,86,159,128,192,Goat
images/a_img_122.jpg,158,170,206,207,Horse
images/a_img_056.jpg,104,81,131,115,Camel
images/a_img_217.jpg,142,128,184,163,Sheep
images/a_img_309.jpg,153,115,181,156,Horse
images/a_img_226.jpg,110,63,142,98,Camel
images/a_img_226.jpg,160,108,193,149,Sheep
images/a_img_182.jpg,122,2,170,46,Horse
images/a_img_028.jpg,28,95,66,139,Camel
images/a_img_344.jpg,143,143,184,192,Goat
images/a_img_011.jpg,198,118,233,161,Sheep
images/a_img_119.jpg,99,54,147,95,Camel
images/a_img_119.jpg,115,95,166,135,Horse
images/a_img_227.jpg,109,64,140,105,Camel
images/a_img_060.jpg,153,132,197,171,Camel
images/a_img_346.jpg,175,114,220,147,Goat
images/a_img_252.jpg,100,106,133,144,Goat
images/a_img_220.jpg,172,68,201,107,Horse
images/a_img_220.jpg,145,120,182,160,Sheep
images/a_img_055.jpg,102,71,128,110,Camel
images/a_img_144.jpg,186,78,227,130,Horse
images/a_img_144.jpg,120,74,165,113,Goat
images/a_img_160.jpg,167,98,207,131,Sheep
images/a_img_022.jpg,179,55,213,113,Horse
images/a_img_022.jpg,70,79,124,125,Goat
images/a_img_284.jpg,145,93,176,132,Sheep
images/a_img_042.jpg,81,150,136,192,Camel
images/a_img_163.jpg,159,93,204,128,Sheep
images/a_img_337.jpg,125,39,167,81,Horse
images/a_img_337.jpg,160,65,206,111,Horse
images/a_img_129.jpg,91,88,129,116,Sheep
images/a_img_129.jpg,122,143,165,180,Horse
images/a_img_237.jpg,163,138,195,183,Horse
images/a_img_225.jpg,112,56,147,97,Camel
images/a_img_275.jpg,194,85,225,114,Sheep
images/a_img_333.jpg,164,84,210,124,Horse
images/a_img_108.jpg,98,17,157,64,Sheep
images/a_img_108.jpg,183,81,247,123,Camel
images/a_img_331.jpg,145,55,191,93,Horse
images/a_img_331.jpg,157,100,199,138,Horse
images/a_img_331.jpg,109,144,158,184,Horse
images/a_img_286.jpg,102,112,133,159,Camel
images/a_img_286.jpg,80,67,121,108,Camel
images/a_img_089.jpg,129,82,167,117,Sheep
images/a_img_141.jpg,170,71,222,127,Horse
images/a_img_141.jpg,126,136,196,175,Camel
images/a_img_267.jpg,155,53,203,94,Sheep
images/a_img_092.jpg,113,79,156,121,Sheep
images/a_img_092.jpg,127,142,179,177,Horse
images/a_img_054.jpg,153,76,192,113,Goat
images/a_img_030.jpg,173,154,203,191,Goat
images/a_img_115.jpg,65,139,122,181,Horse
images/a_img_115.jpg,63,99,112,137,Camel
images/a_img_020.jpg,100,39,131,80,Camel
images/a_img_103.jpg,148,78,197,123,Camel
images/a_img_041.jpg,145,135,195,190,Horse
images/a_img_041.jpg,173,6,208,57,Camel
images/a_img_041.jpg,86,23,122,66,Sheep
images/a_img_041.jpg,72,97,122,135,Goat
images/a_img_159.jpg,124,47,161,86,Horse
images/a_img_222.jpg,126,44,162,80,Camel
images/a_img_156.jpg,186,63,217,98,Camel
images/a_img_038.jpg,112,51,151,92,Camel
images/a_img_005.jpg,94,71,140,114,Goat
images/a_img_005.jpg,95,35,138,75,Sheep
images/a_img_262.jpg,132,121,179,176,Goat
images/a_img_262.jpg,111,58,149,93,Goat
images/a_img_256.jpg,231,123,281,159,Goat
images/a_img_147.jpg,97,78,143,120,Goat
images/a_img_147.jpg,129,54,177,104,Sheep
images/a_img_057.jpg,207,79,251,130,Sheep
images/a_img_057.jpg,165,162,217,202,Goat
images/a_img_289.jpg,115,108,144,154,Camel
images/a_img_046.jpg,78,156,122,191,Horse
images/a_img_240.jpg,110,59,140,93,Goat
images/a_img_240.jpg,61,135,107,159,Sheep
images/a_img_043.jpg,69,54,114,108,Horse
images/a_img_047.jpg,132,98,181,144,Goat
images/a_img_145.jpg,175,96,216,142,Horse
images/a_img_145.jpg,146,50,190,100,Sheep
images/a_img_264.jpg,115,130,155,178,Goat
images/a_img_375.jpg,169,33,211,87,Horse
images/a_img_375.jpg,111,136,161,165,Camel
images/a_img_375.jpg,90,82,125,126,Camel
images/a_img_363.jpg,122,121,167,172,Horse
images/a_img_363.jpg,193,94,246,149,Sheep
images/a_img_140.jpg,173,66,215,121,Horse
images/a_img_097.jpg,86,87,122,123,Goat
images/a_img_097.jpg,48,104,82,134,Camel
images/a_img_178.jpg,43,86,101,140,Sheep
images/a_img_191.jpg,93,113,139,167,Horse
images/a_img_191.jpg,72,67,124,102,Camel
images/a_img_191.jpg,177,49,229,98,Sheep
images/a_img_374.jpg,63,77,115,129,Camel
images/a_img_374.jpg,103,138,168,187,Camel
images/a_img_374.jpg,196,91,261,157,Sheep
images/a_img_260.jpg,81,113,121,150,Goat
images/a_img_260.jpg,85,63,123,100,Goat
images/a_img_201.jpg,148,100,193,141,Camel
images/a_img_201.jpg,130,9,158,45,Sheep
images/a_img_201.jpg,156,12,188,44,Goat
images/a_img_336.jpg,146,123,185,171,Horse
images/a_img_185.jpg,78,86,125,120,Camel
images/a_img_185.jpg,170,43,219,93,Sheep
images/a_img_021.jpg,115,117,177,164,Camel
images/a_img_171.jpg,81,115,117,156,Sheep
images/a_img_296.jpg,178,107,216,140,Camel
images/a_img_296.jpg,190,53,226,92,Camel
images/a_img_313.jpg,108,139,146,163,Horse
images/a_img_313.jpg,163,158,194,194,Horse
images/a_img_370.jpg,90,60,141,109,Camel
images/a_img_081.jpg,159,20,194,48,Camel
images/a_img_360.jpg,195,77,249,138,Sheep
images/a_img_246.jpg,103,132,135,162,Sheep
images/a_img_383.jpg,81,37,123,83,Horse
images/a_img_007.jpg,149,145,173,174,Horse
images/a_img_208.jpg,170,75,208,118,Horse
images/a_img_208.jpg,111,107,145,153,Sheep
images/a_img_251.jpg,105,104,137,144,Goat
images/a_img_251.jpg,144,89,184,128,Goat
images/a_img_251.jpg,181,134,216,164,Goat
images/a_img_254.jpg,114,113,146,150,Goat
images/a_img_094.jpg,112,67,150,101,Sheep
images/a_img_094.jpg,207,66,251,103,Camel
images/a_img_361.jpg,101,88,139,138,Camel
images/a_img_361.jpg,196,81,249,142,Sheep
images/a_img_062.jpg,47,14,104,54,Horse
images/a_img_062.jpg,114,26,162,66,Sheep
images/a_img_062.jpg,64,53,122,107,Goat
images/a_img_247.jpg,106,128,146,161,Sheep
images/a_img_249.jpg,122,149,163,178,Goat
images/a_img_249.jpg,182,134,221,162,Goat
images/a_img_002.jpg,109,74,149,100,Camel
images/a_img_078.jpg,142,149,162,188,Camel
images/a_img_131.jpg,137,122,179,155,Horse
images/a_img_066.jpg,198,90,237,133,Camel
images/a_img_377.jpg,191,113,227,169,Horse
images/a_img_377.jpg,89,81,135,124,Camel
images/a_img_063.jpg,188,95,229,142,Camel
images/a_img_339.jpg,152,55,204,103,Horse
images/a_img_384.jpg,59,109,101,166,Horse
images/a_img_384.jpg,88,45,130,94,Horse
images/a_img_384.jpg,143,78,190,119,Camel
images/a_img_143.jpg,115,71,160,108,Goat
images/a_img_121.jpg,69,72,113,120,Camel
images/a_img_180.jpg,127,15,163,56,Horse
images/a_img_118.jpg,181,83,230,121,Sheep
images/a_img_372.jpg,186,23,262,94,Sheep
images/a_img_372.jpg,106,131,180,183,Camel
images/a_img_113.jpg,97,85,141,126,Goat
images/a_img_064.jpg,151,44,179,88,Horse
images/a_img_064.jpg,199,84,237,127,Camel
images/a_img_239.jpg,71,137,111,168,Sheep
images/a_img_224.jpg,161,42,195,82,Horse
images/a_img_224.jpg,164,98,199,141,Sheep
images/a_img_224.jpg,121,93,156,137,Goat
images/a_img_342.jpg,164,80,224,128,Goat
images/a_img_342.jpg,76,122,130,171,Sheep
images/a_img_200.jpg,154,101,194,147,Camel
images/a_img_200.jpg,74,23,113,69,Horse
images/a_img_200.jpg,156,16,187,52,Goat
images/a_img_195.jpg,97,75,137,106,Camel
images/a_img_195.jpg,130,114,174,155,Horse
images/a_img_035.jpg,60,65,107,121,Camel
images/a_img_035.jpg,166,106,236,179,Goat
images/a_img_146.jpg,160,106,206,158,Horse
images/a_img_003.jpg,115,103,151,131,Horse
images/a_img_003.jpg,153,59,191,92,Goat
images/a_img_003.jpg,111,71,150,99,Camel
images/a_img_080.jpg,156,113,183,144,Horse
images/a_img_100.jpg,125,42,148,73,Horse
images/a_img_018.jpg,97,32,138,75,Sheep
images/a_img_044.jpg,110,55,151,87,Horse
images/a_img_044.jpg,205,37,246,65,Camel
images/a_img_044.jpg,135,1,178,36,Sheep
images/a_img_303.jpg,173,106,208,153,Horse
images/a_img_303.jpg,106,55,144,92,Horse
images/a_img_338.jpg,160,64,205,112,Horse
images/a_img_190.jpg,86,120,128,164,Horse
images/a_img_190.jpg,70,72,116,104,Camel
images/a_img_189.jpg,89,138,130,183,Horse
images/a_img_189.jpg,165,63,210,103,Sheep
images/a_img_148.jpg,151,113,188,163,Horse
images/a_img_148.jpg,96,147,145,189,Camel
images/a_img_148.jpg,136,62,182,104,Sheep
images/a_img_373.jpg,79,67,126,124,Camel
images/a_img_373.jpg,178,15,248,89,Sheep
images/a_img_373.jpg,203,94,280,169,Sheep
images/a_img_049.jpg,211,80,249,123,Sheep
images/a_img_109.jpg,140,164,195,206,Sheep
images/a_img_039.jpg,73,114,108,156,Horse
images/a_img_039.jpg,167,97,217,140,Sheep
images/a_img_157.jpg,146,44,182,81,Horse
images/a_img_157.jpg,190,67,223,106,Camel
images/a_img_210.jpg,149,24,184,71,Horse
images/a_img_040.jpg,65,150,125,188,Horse
images/a_img_213.jpg,113,54,145,86,Camel
images/a_img_213.jpg,178,114,216,151,Sheep
images/a_img_048.jpg,161,51,200,83,Sheep
images/a_img_192.jpg,93,65,135,98,Camel
images/a_img_192.jpg,154,79,184,116,Goat
images/a_img_268.jpg,151,51,201,93,Sheep
images/a_img_307.jpg,157,53,182,88,Horse
images/a_img_307.jpg,162,113,194,154,Horse
images/a_img_330.jpg,79,81,112,122,Horse
images/a_img_368.jpg,99,131,160,183,Camel
images/a_img_356.jpg,150,117,194,158,Goat
images/a_img_274.jpg,200,92,232,123,Sheep
images/a_img_274.jpg,200,60,233,89,Sheep
images/a_img_212.jpg,190,66,215,101,Horse
images/a_img_212.jpg,103,50,134,77,Camel
images/a_img_305.jpg,168,56,192,94,Horse
images/a_img_029.jpg,144,124,183,157,Camel
images/a_img_029.jpg,148,48,178,74,Sheep
images/a_img_029.jpg,118,25,151,49,Goat
images/a_img_099.jpg,127,27,155,65,Horse
images/a_img_099.jpg,54,74,93,113,Camel
images/a_img_149.jpg,88,149,137,193,Camel
images/a_img_065.jpg,149,44,179,94,Horse
images/a_img_065.jpg,197,84,242,135,Camel
images/a_img_065.jpg,94,82,135,133,Goat
images/a_img_204.jpg,152,108,190,152,Horse
images/a_img_204.jpg,93,134,121,178,Sheep
images/a_img_204.jpg,52,138,94,172,Goat
images/a_img_281.jpg,176,51,213,82,Sheep
images/a_img_179.jpg,125,18,162,63,Horse
images/a_img_090.jpg,222,53,261,86,Camel
images/a_img_090.jpg,154,138,187,173,Horse
images/a_img_241.jpg,67,119,106,151,Sheep
images/a_img_241.jpg,162,80,197,106,Camel
images/a_img_105.jpg,129,26,183,71,Horse
images/a_img_105.jpg,95,76,157,127,Goat
images/a_img_091.jpg,139,140,171,178,Horse
images/a_img_091.jpg,214,65,257,98,Camel
images/a_img_132.jpg,97,56,138,88,Sheep
images/b_img_270.jpg,173,18,208,59,Camel
images/b_img_246.jpg,158,56,201,97,Sheep
images/b_img_246.jpg,83,4,127,48,Camel
images/b_img_073.jpg,218,60,255,108,Camel
images/b_img_073.jpg,152,80,198,116,Goat
images/b_img_003.jpg,158,78,197,108,Goat
images/b_img_003.jpg,171,113,207,149,Goat
images/b_img_029.jpg,142,113,173,168,Camel
images/b_img_029.jpg,182,107,221,157,Camel
images/b_img_268.jpg,192,64,225,111,Camel
images/b_img_087.jpg,48,63,87,105,Horse
images/b_img_087.jpg,161,117,201,157,Camel
images/b_img_254.jpg,49,90,86,115,Camel
images/b_img_254.jpg,151,109,190,148,Goat
images/b_img_203.jpg,85,109,139,157,Goat
images/b_img_117.jpg,93,104,136,133,Camel
images/b_img_041.jpg,140,93,177,144,Horse
images/b_img_041.jpg,165,80,210,113,Camel
images/b_img_146.jpg,46,138,89,178,Goat
images/b_img_146.jpg,226,57,266,92,Goat
images/b_img_176.jpg,65,99,105,150,Camel
images/b_img_176.jpg,175,35,224,74,Camel
images/b_img_089.jpg,55,133,104,175,Horse
images/b_img_106.jpg,162,152,216,201,Goat
images/b_img_284.jpg,138,119,182,171,Goat
images/b_img_108.jpg,62,43,84,72,Camel
images/b_img_277.jpg,116,37,153,75,Goat
images/b_img_277.jpg,181,39,210,78,Goat
images/b_img_277.jpg,170,159,217,191,Camel
images/b_img_277.jpg,137,90,175,123,Camel
images/b_img_109.jpg,80,144,114,188,Horse
images/b_img_109.jpg,125,51,160,82,Sheep
images/b_img_142.jpg,41,102,95,147,Goat
images/b_img_194.jpg,42,143,84,178,Horse
images/b_img_218.jpg,184,19,225,61,Horse
images/b_img_218.jpg,134,103,169,154,Camel
images/b_img_058.jpg,129,45,159,83,Horse
images/b_img_144.jpg,81,69,108,107,Camel
images/b_img_122.jpg,175,15,203,56,Horse
images/b_img_051.jpg,205,56,236,98,Horse
images/b_img_051.jpg,113,25,152,66,Sheep
images/b_img_264.jpg,56,126,95,168,Sheep
images/b_img_067.jpg,102,92,146,123,Camel
images/b_img_067.jpg,174,38,213,70,Camel
images/b_img_049.jpg,214,96,264,141,Horse
images/b_img_072.jpg,199,10,232,55,Camel
images/b_img_072.jpg,159,57,202,98,Goat
images/b_img_184.jpg,52,18,95,59,Goat
images/b_img_066.jpg,103,6,142,45,Camel
images/b_img_066.jpg,110,45,157,79,Sheep
images/b_img_039.jpg,115,87,139,122,Horse
images/b_img_039.jpg,162,147,200,186,Horse
images/b_img_052.jpg,57,98,98,142,Horse
images/b_img_052.jpg,121,140,161,184,Horse
images/b_img_052.jpg,202,96,246,130,Horse
images/b_img_145.jpg,108,50,149,89,Camel
images/b_img_094.jpg,195,62,225,96,Horse
images/b_img_094.jpg,80,141,116,176,Sheep
images/b_img_094.jpg,168,138,208,173,Sheep
images/b_img_116.jpg,199,62,236,104,Horse
images/b_img_062.jpg,141,35,170,78,Camel
images/b_img_062.jpg,163,110,203,151,Camel
images/b_img_017.jpg,88,103,136,140,Sheep
images/b_img_079.jpg,75,112,109,150,Camel
images/b_img_027.jpg,113,135,167,185,Horse
images/b_img_027.jpg,138,63,185,103,Horse
images/b_img_123.jpg,216,101,259,133,Horse
images/b_img_071.jpg,135,12,173,49,Camel
images/b_img_219.jpg,196,76,241,109,Horse
images/b_img_022.jpg,82,41,117,73,Horse
images/b_img_022.jpg,143,85,173,127,Horse
images/b_img_140.jpg,83,79,125,114,Sheep
images/b_img_140.jpg,163,90,204,129,Sheep
images/b_img_140.jpg,128,138,173,176,Camel
images/b_img_214.jpg,62,102,115,148,Horse
images/b_img_214.jpg,186,96,230,147,Camel
images/b_img_275.jpg,120,38,160,75,Goat
images/b_img_275.jpg,221,2,260,33,Sheep
images/b_img_234.jpg,182,35,230,78,Goat
images/b_img_234.jpg,116,68,153,103,Sheep
images/b_img_125.jpg,60,128,110,169,Goat
images/b_img_005.jpg,198,163,242,203,Goat
images/b_img_126.jpg,148,51,183,91,Horse
images/b_img_126.jpg,186,93,228,129,Sheep
images/b_img_206.jpg,153,98,198,149,Sheep
images/b_img_061.jpg,116,29,152,73,Camel
images/b_img_061.jpg,193,75,224,121,Camel
images/b_img_132.jpg,86,158,125,191,Camel
images/b_img_136.jpg,182,30,219,65,Camel
images/b_img_077.jpg,170,34,209,75,Sheep
images/b_img_244.jpg,158,48,205,92,Goat
images/b_img_244.jpg,105,82,153,120,Sheep
images/b_img_272.jpg,192,157,233,194,Sheep
images/b_img_196.jpg,102,139,158,180,Camel
images/b_img_192.jpg,195,62,231,93,Sheep
images/b_img_104.jpg,61,59,106,98,Goat
images/b_img_104.jpg,159,48,189,92,Horse
images/b_img_060.jpg,120,151,153,187,Camel
images/b_img_191.jpg,215,69,258,106,Horse
images/b_img_191.jpg,82,7,111,45,Horse
images/b_img_256.jpg,62,50,118,101,Goat
images/b_img_256.jpg,150,96,194,153,Goat
images/b_img_256.jpg,196,74,250,124,Camel
images/b_img_265.jpg,57,67,96,99,Sheep
images/b_img_265.jpg,161,65,206,105,Goat
images/b_img_068.jpg,81,174,112,211,Camel
images/b_img_068.jpg,110,125,150,163,Goat
images/b_img_253.jpg,64,127,100,155,Camel
images/b_img_250.jpg,119,31,159,62,Sheep
images/b_img_250.jpg,71,134,119,175,Sheep
images/b_img_097.jpg,202,73,237,106,Horse
images/b_img_097.jpg,64,41,110,79,Sheep
images/b_img_278.jpg,127,18,164,57,Goat
images/b_img_278.jpg,118,78,166,125,Sheep
images/b_img_040.jpg,143,127,177,152,Camel
images/b_img_006.jpg,124,100,157,137,Goat
images/b_img_006.jpg,153,159,196,197,Goat
images/b_img_024.jpg,112,84,155,120,Camel
images/b_img_165.jpg,159,87,194,115,Camel
images/b_img_021.jpg,148,90,182,140,Horse
images/b_img_100.jpg,80,93,106,124,Horse
images/b_img_258.jpg,92,66,138,105,Goat
images/b_img_258.jpg,153,13,201,48,Goat
images/b_img_226.jpg,108,66,149,103,Horse
images/b_img_226.jpg,126,93,173,134,Sheep
images/b_img_128.jpg,112,97,151,145,Sheep
images/b_img_128.jpg,170,67,226,112,Horse
images/b_img_128.jpg,147,3,203,37,Goat
images/b_img_153.jpg,100,32,136,72,Camel
images/b_img_134.jpg,179,31,213,70,Sheep
images/b_img_131.jpg,119,30,154,83,Horse
images/b_img_131.jpg,166,40,210,76,Horse
images/b_img_263.jpg,100,56,140,97,Goat
images/b_img_263.jpg,178,38,220,74,Goat
images/b_img_193.jpg,66,37,109,72,Sheep
images/b_img_193.jpg,191,74,231,106,Sheep
images/b_img_193.jpg,192,31,231,63,Camel
images/b_img_164.jpg,160,61,197,99,Sheep
images/b_img_208.jpg,61,84,100,120,Goat
images/b_img_208.jpg,142,33,178,62,Goat
images/b_img_185.jpg,74,13,133,60,Goat
images/b_img_185.jpg,142,162,209,212,Goat
images/b_img_185.jpg,170,60,223,109,Horse
images/b_img_032.jpg,106,82,143,117,Camel
images/b_img_032.jpg,161,122,194,168,Camel
images/b_img_137.jpg,134,49,184,93,Sheep
images/b_img_205.jpg,158,53,192,91,Goat
images/b_img_205.jpg,134,156,171,179,Goat
images/b_img_028.jpg,114,92,143,132,Camel
images/b_img_025.jpg,67,71,102,120,Horse
images/b_img_025.jpg,158,17,202,60,Horse
images/b_img_169.jpg,138,128,179,167,Camel
images/b_img_202.jpg,138,15,193,61,Horse
images/b_img_183.jpg,173,21,211,59,Goat
images/b_img_183.jpg,116,16,149,53,Horse
images/b_img_042.jpg,107,66,137,109,Horse
images/b_img_088.jpg,128,157,174,204,Horse
images/b_img_088.jpg,127,94,164,142,Camel
images/b_img_033.jpg,190,81,233,144,Camel
images/b_img_095.jpg,59,79,101,120,Sheep
images/b_img_110.jpg,154,59,192,92,Sheep
images/b_img_207.jpg,70,108,116,143,Goat
images/b_img_187.jpg,219,24,268,70,Goat
images/b_img_187.jpg,158,97,214,160,Horse
images/b_img_280.jpg,108,80,150,118,Goat
images/b_img_233.jpg,57,70,92,118,Horse
images/b_img_233.jpg,131,62,183,107,Sheep
images/b_img_233.jpg,149,4,193,39,Goat
images/b_img_082.jpg,96,101,141,154,Sheep
images/b_img_236.jpg,88,47,130,84,Sheep
images/b_img_255.jpg,179,73,227,113,Goat
images/b_img_255.jpg,88,57,126,90,Goat
images/b_img_099.jpg,164,9,213,65,Sheep
images/b_img_274.jpg,35,144,88,197,Sheep
images/b_img_274.jpg,111,117,163,165,Goat
images/b_img_273.jpg,176,182,225,218,Camel
images/b_img_001.jpg,99,116,130,156,Goat
images/b_img_179.jpg,175,16,222,53,Sheep
images/b_img_179.jpg,142,74,187,113,Horse
images/b_img_143.jpg,106,89,141,130,Camel
images/b_img_069.jpg,106,61,146,97,Goat
images/b_img_085.jpg,87,52,131,87,Camel
images/b_img_213.jpg,101,107,132,127,Horse
images/b_img_237.jpg,146,95,208,165,Sheep
images/b_img_237.jpg,118,31,163,86,Camel
images/b_img_237.jpg,112,166,167,208,Horse
images/b_img_010.jpg,76,58,116,98,Sheep
images/b_img_010.jpg,130,75,164,117,Sheep
images/b_img_002.jpg,158,103,197,132,Goat
images/b_img_002.jpg,152,119,179,153,Goat
images/b_img_063.jpg,168,77,209,120,Camel
images/b_img_063.jpg,120,158,174,201,Camel
images/b_img_225.jpg,140,72,187,115,Horse
images/b_img_119.jpg,74,62,103,93,Horse
images/b_img_119.jpg,231,69,259,100,Goat
images/b_img_130.jpg,134,21,171,62,Horse
images/b_img_238.jpg,183,34,221,82,Horse
images/b_img_238.jpg,116,46,155,88,Sheep
images/b_img_190.jpg,126,132,162,177,Goat
images/b_img_124.jpg,82,78,110,101,Sheep
images/b_img_124.jpg,125,78,153,107,Horse
images/b_img_124.jpg,182,105,211,136,Goat
images/b_img_241.jpg,142,127,189,165,Horse
images/b_img_279.jpg,171,140,217,176,Sheep
images/b_img_139.jpg,81,79,125,116,Sheep
images/b_img_101.jpg,84,101,131,132,Horse
images/b_img_101.jpg,192,67,228,108,Horse
images/b_img_057.jpg,186,153,232,191,Horse
images/b_img_016.jpg,154,52,192,82,Sheep
images/b_img_201.jpg,85,80,115,125,Camel
images/b_img_086.jpg,32,116,89,153,Horse
images/b_img_086.jpg,221,74,270,124,Horse
images/b_img_086.jpg,162,83,214,129,Camel
images/b_img_046.jpg,85,82,121,112,Horse
images/b_img_046.jpg,206,132,242,169,Sheep
images/b_img_152.jpg,102,47,129,84,Camel
images/b_img_152.jpg,194,59,227,94,Camel
images/b_img_152.jpg,147,86,186,120,Sheep
images/b_img_009.jpg,147,79,193,118,Goat
images/b_img_240.jpg,154,90,206,133,Sheep
images/b_img_019.jpg,94,147,125,182,Horse
images/b_img_127.jpg,112,73,154,109,Horse
images/b_img_127.jpg,84,15,123,51,Goat
images/b_img_149.jpg,68,107,112,155,Goat
images/b_img_053.jpg,170,77,201,108,Horse
images/b_img_166.jpg,95,75,128,124,Camel
images/b_img_173.jpg,129,183,174,222,Sheep
images/b_img_074.jpg,172,56,213,105,Camel
images/b_img_074.jpg,50,1,89,40,Camel
images/b_img_008.jpg,207,83,257,129,Goat
images/b_img_008.jpg,140,68,181,106,Goat
images/b_img_081.jpg,119,120,169,157,Sheep
images/b_img_081.jpg,194,24,241,69,Sheep
images/b_img_036.jpg,146,141,183,170,Horse
images/b_img_036.jpg,159,112,192,138,Horse
images/b_img_036.jpg,147,79,171,114,Horse
images/b_img_251.jpg,67,76,108,124,Sheep
images/b_img_090.jpg,35,65,71,115,Horse
images/b_img_248.jpg,139,78,181,117,Sheep
images/b_img_248.jpg,71,74,99,114,Sheep
images/b_img_035.jpg,131,112,178,153,Camel
images/b_img_204.jpg,207,46,252,99,Horse
images/b_img_204.jpg,180,4,223,46,Camel
images/b_img_204.jpg,153,33,199,69,Goat
images/b_img_281.jpg,207,90,248,123,Goat
images/b_img_281.jpg,200,20,241,56,Goat
images/b_img_159.jpg,196,18,229,47,Goat
images/b_img_092.jpg,65,165,104,203,Horse
images/b_img_092.jpg,174,184,219,225,Sheep
images/b_img_031.jpg,114,133,155,172,Camel
images/b_img_141.jpg,56,97,89,121,Goat
images/b_img_141.jpg,203,136,235,167,Goat
images/b_img_037.jpg,115,90,153,121,Camel
images/b_img_045.jpg,158,50,185,78,Horse
images/b_img_129.jpg,75,58,123,103,Sheep
images/b_img_129.jpg,146,79,192,125,Horse
images/b_img_129.jpg,220,19,268,63,Goat
images/b_img_161.jpg,70,37,99,67,Sheep
images/b_img_161.jpg,86,59,121,95,Sheep
images/b_img_161.jpg,141,37,183,66,Goat
images/b_img_161.jpg,230,105,266,147,Goat
images/b_img_107.jpg,89,58,130,94,Horse
images/b_img_107.jpg,66,140,113,184,Goat
images/b_img_249.jpg,67,41,106,78,Sheep
images/b_img_249.jpg,111,88,151,130,Sheep
images/b_img_252.jpg,81,12,119,49,Sheep
images/b_img_059.jpg,49,76,85,116,Horse
images/b_img_059.jpg,123,30,160,63,Goat
images/b_img_228.jpg,71,78,121,128,Sheep
images/b_img_103.jpg,200,116,242,155,Horse
images/b_img_070.jpg,80,22,115,53,Camel
images/b_img_070.jpg,122,49,160,81,Goat
images/b_img_276.jpg,84,22,121,55,Sheep
images/b_img_102.jpg,208,80,237,134,Horse
images/b_img_102.jpg,83,60,138,103,Horse
images/b_img_156.jpg,186,95,222,139,Camel
images/b_img_018.jpg,164,91,205,128,Sheep
images/b_img_182.jpg,156,30,195,62,Goat
images/b_img_229.jpg,167,90,200,120,Sheep
images/b_img_163.jpg,179,78,225,122,Goat
images/b_img_163.jpg,168,12,212,48,Sheep
images/b_img_210.jpg,114,11,157,46,Goat
images/b_img_034.jpg,168,52,201,92,Camel
images/b_img_004.jpg,164,116,194,151,Goat
images/b_img_004.jpg,198,86,223,120,Goat
images/b_img_138.jpg,80,87,118,130,Sheep
images/b_img_138.jpg,166,97,203,154,Camel
images/b_img_200.jpg,206,53,247,84,Goat
images/b_img_148.jpg,87,12,120,48,Goat
images/b_img_148.jpg,151,172,181,218,Goat
images/b_img_180.jpg,145,52,185,98,Horse
images/b_img_055.jpg,149,106,189,143,Goat
images/b_img_239.jpg,137,86,181,124,Sheep
images/b_img_186.jpg,59,149,117,204,Goat
images/b_img_186.jpg,151,3,198,43,Goat
images/b_img_186.jpg,179,83,219,140,Horse
images/b_img_044.jpg,172,51,217,89,Horse
images/b_img_044.jpg,125,59,180,97,Horse
images/b_img_044.jpg,114,90,162,124,Camel
images/b_img_080.jpg,56,88,101,131,Goat
images/b_img_114.jpg,111,65,155,116,Sheep
images/b_img_212.jpg,216,40,259,76,Goat
images/b_img_181.jpg,61,92,84,124,Goat
images/b_img_020.jpg,153,82,203,127,Horse
images/b_img_020.jpg,152,33,197,82,Horse
images/b_img_020.jpg,170,0,211,36,Horse
images/b_img_262.jpg,106,107,150,147,Goat
images/b_img_262.jpg,143,161,195,211,Sheep
images/b_img_167.jpg,124,74,161,111,Camel
images/b_img_269.jpg,199,109,242,141,Sheep
images/b_img_012.jpg,94,104,147,147,Sheep
images/b_img_007.jpg,96,69,135,114,Goat
images/b_img_007.jpg,123,60,167,105,Goat
